ID	Description	setSize	enrichmentScore	NES	pvalue	p.adjust	qvalue	rank	leading_edge	core_enrichment	dataset	dataset_lab
REACTOME_INTERLEUKIN_1_SIGNALING	REACTOME_INTERLEUKIN_1_SIGNALING	102	-0.4731171893907073	-2.0109665996259953	1.2017178809934514e-6	1.562233245291487e-5	7.589797143116536e-6	5113	tags=53%, list=26%, signal=39%	ENSG00000100902/ENSG00000143947/ENSG00000175104/ENSG00000175166/ENSG00000013275/ENSG00000221983/ENSG00000159377/ENSG00000240065/ENSG00000100764/ENSG00000189403/ENSG00000065559/ENSG00000099341/ENSG00000113558/ENSG00000104825/ENSG00000129084/ENSG00000159352/ENSG00000126067/ENSG00000108344/ENSG00000041357/ENSG00000177889/ENSG00000205220/ENSG00000108671/ENSG00000161057/ENSG00000142507/ENSG00000078902/ENSG00000277791/ENSG00000185627/ENSG00000165916/ENSG00000213341/ENSG00000150991/ENSG00000173432/ENSG00000055130/ENSG00000101182/ENSG00000136930/ENSG00000092010/ENSG00000100911/ENSG00000055208/ENSG00000163636/ENSG00000087191/ENSG00000100567/ENSG00000204264/ENSG00000196083/ENSG00000100519/ENSG00000008018/ENSG00000106588/ENSG00000095261/ENSG00000197170/ENSG00000127922/ENSG00000197885/ENSG00000143106/ENSG00000068878/ENSG00000170315/ENSG00000169032/ENSG00000136689	AH	AH (Massey et al.)
GOBP_ACUTE_INFLAMMATORY_RESPONSE	GOBP_ACUTE_INFLAMMATORY_RESPONSE	111	-0.3957509335352223	-1.7133871522339597	3.074719903521206e-4	0.001998567937288784	9.709641800593284e-4	3632	tags=36%, list=19%, signal=30%	ENSG00000086062/ENSG00000132693/ENSG00000130707/ENSG00000213918/ENSG00000176046/ENSG00000165471/ENSG00000129988/ENSG00000145192/ENSG00000086232/ENSG00000197249/ENSG00000254647/ENSG00000177119/ENSG00000116288/ENSG00000185187/ENSG00000055955/ENSG00000204592/ENSG00000175899/ENSG00000105697/ENSG00000172216/ENSG00000158874/ENSG00000134339/ENSG00000196136/ENSG00000182197/ENSG00000173432/ENSG00000125730/ENSG00000134352/ENSG00000131187/ENSG00000180210/ENSG00000148965/ENSG00000167711/ENSG00000106327/ENSG00000164344/ENSG00000162692/ENSG00000261701/ENSG00000228278/ENSG00000257017/ENSG00000163687/ENSG00000132703/ENSG00000229314/ENSG00000160712	AH	AH (Massey et al.)
REACTOME_INTERFERON_SIGNALING	REACTOME_INTERFERON_SIGNALING	198	-0.3373067724878638	-1.5978689566744844	6.185888475012175e-4	0.0026805516725052756	0.001302292310528879	5238	tags=38%, list=27%, signal=28%	ENSG00000125347/ENSG00000047410/ENSG00000055332/ENSG00000107201/ENSG00000106785/ENSG00000116030/ENSG00000143947/ENSG00000154451/ENSG00000113569/ENSG00000151247/ENSG00000221983/ENSG00000138750/ENSG00000164163/ENSG00000125450/ENSG00000163002/ENSG00000153201/ENSG00000206503/ENSG00000135930/ENSG00000204632/ENSG00000119917/ENSG00000132530/ENSG00000162654/ENSG00000170581/ENSG00000179295/ENSG00000204525/ENSG00000111331/ENSG00000126709/ENSG00000234745/ENSG00000145349/ENSG00000184557/ENSG00000109654/ENSG00000187608/ENSG00000157601/ENSG00000142089/ENSG00000157020/ENSG00000094914/ENSG00000130303/ENSG00000166233/ENSG00000204642/ENSG00000177889/ENSG00000085415/ENSG00000111335/ENSG00000142166/ENSG00000204592/ENSG00000182179/ENSG00000030066/ENSG00000108559/ENSG00000156587/ENSG00000117595/ENSG00000068079/ENSG00000150991/ENSG00000140968/ENSG00000138032/ENSG00000125148/ENSG00000114867/ENSG00000185745/ENSG00000204264/ENSG00000213512/ENSG00000184979/ENSG00000110713/ENSG00000089127/ENSG00000160710/ENSG00000162692/ENSG00000134321/ENSG00000114030/ENSG00000124789/ENSG00000272391/ENSG00000174840/ENSG00000185507/ENSG00000196313/ENSG00000165949/ENSG00000170315/ENSG00000117228/ENSG00000138646/ENSG00000132182/ENSG00000058404	AH	AH (Massey et al.)
WP_INFLAMMATORY_RESPONSE_PATHWAY	WP_INFLAMMATORY_RESPONSE_PATHWAY	30	0.5474840035039931	1.88991077289694	0.0021361610444194283	0.006942523394363142	0.003372885859609624	1013	tags=20%, list=5%, signal=19%	ENSG00000091136/ENSG00000108821/ENSG00000164692/ENSG00000168542/ENSG00000058085/ENSG00000102245	AH	AH (Massey et al.)
top100	Inflammation signature	100	0.3754063244822254	1.6151952379385957	0.003674007258045736	0.009552418870918913	0.00464085127332093	6119	tags=50%, list=31%, signal=35%	ENSG00000162493/ENSG00000102265/ENSG00000163739/ENSG00000158714/ENSG00000090382/ENSG00000130429/ENSG00000116701/ENSG00000160593/ENSG00000168685/ENSG00000145623/ENSG00000141506/ENSG00000172578/ENSG00000168461/ENSG00000172243/ENSG00000104951/ENSG00000110876/ENSG00000140678/ENSG00000179583/ENSG00000169245/ENSG00000140511/ENSG00000090339/ENSG00000155926/ENSG00000180353/ENSG00000105639/ENSG00000137462/ENSG00000128815/ENSG00000060558/ENSG00000169403/ENSG00000134516/ENSG00000025708/ENSG00000163565/ENSG00000162645/ENSG00000143119/ENSG00000162511/ENSG00000185811/ENSG00000160255/ENSG00000142347/ENSG00000164691/ENSG00000121281/ENSG00000130775/ENSG00000100055/ENSG00000136286/ENSG00000138964/ENSG00000167207/ENSG00000187474/ENSG00000000938/ENSG00000185862/ENSG00000149781/ENSG00000128284/ENSG00000078081	AH	AH (Massey et al.)
MSigDB hallmark inflammatory response	MSigDB hallmark inflammatory response	200	0.2914624313777641	1.399359453985368	0.019355881037599096	0.03788764067363146	0.018406950934557798	2524	tags=19%, list=13%, signal=17%	ENSG00000147257/ENSG00000124875/ENSG00000162493/ENSG00000102265/ENSG00000160013/ENSG00000169429/ENSG00000173391/ENSG00000117525/ENSG00000105855/ENSG00000124882/ENSG00000150782/ENSG00000146242/ENSG00000064989/ENSG00000090104/ENSG00000169508/ENSG00000258227/ENSG00000204681/ENSG00000135124/ENSG00000100739/ENSG00000168685/ENSG00000136754/ENSG00000145623/ENSG00000198121/ENSG00000141506/ENSG00000159128/ENSG00000115353/ENSG00000017260/ENSG00000057019/ENSG00000139514/ENSG00000104312/ENSG00000181634/ENSG00000128342/ENSG00000176170/ENSG00000115009/ENSG00000162711/ENSG00000136514/ENSG00000102970/ENSG00000169245	AH	AH (Massey et al.)
GOBP_INFLAMMATORY_RESPONSE	GOBP_INFLAMMATORY_RESPONSE	751	0.22558699642473026	1.2157608169671692	0.020401037285801556	0.03788764067363146	0.018406950934557798	3289	tags=20%, list=17%, signal=18%	ENSG00000118785/ENSG00000164171/ENSG00000079257/ENSG00000151388/ENSG00000124875/ENSG00000099998/ENSG00000140835/ENSG00000102265/ENSG00000163739/ENSG00000213088/ENSG00000160013/ENSG00000150093/ENSG00000142798/ENSG00000156711/ENSG00000181104/ENSG00000169429/ENSG00000173391/ENSG00000117525/ENSG00000104415/ENSG00000115221/ENSG00000110492/ENSG00000095970/ENSG00000150594/ENSG00000155897/ENSG00000150782/ENSG00000158714/ENSG00000175264/ENSG00000163735/ENSG00000064989/ENSG00000049768/ENSG00000124212/ENSG00000168398/ENSG00000189058/ENSG00000198648/ENSG00000121966/ENSG00000163485/ENSG00000134780/ENSG00000118503/ENSG00000132965/ENSG00000122420/ENSG00000125845/ENSG00000129667/ENSG00000111199/ENSG00000090382/ENSG00000197122/ENSG00000012779/ENSG00000130768/ENSG00000138623/ENSG00000105329/ENSG00000275385/ENSG00000102245/ENSG00000134250/ENSG00000133216/ENSG00000124181/ENSG00000181751/ENSG00000100739/ENSG00000019991/ENSG00000091972/ENSG00000145623/ENSG00000157404/ENSG00000175445/ENSG00000213015/ENSG00000164251/ENSG00000161940/ENSG00000148400/ENSG00000179630/ENSG00000177464/ENSG00000115353/ENSG00000157017/ENSG00000157368/ENSG00000255690/ENSG00000196664/ENSG00000282608/ENSG00000112486/ENSG00000165025/ENSG00000137077/ENSG00000112033/ENSG00000136848/ENSG00000146070/ENSG00000176903/ENSG00000159840/ENSG00000166086/ENSG00000026508/ENSG00000184304/ENSG00000115602/ENSG00000172243/ENSG00000163661/ENSG00000104312/ENSG00000186188/ENSG00000181374/ENSG00000136999/ENSG00000184599/ENSG00000167604/ENSG00000187554/ENSG00000176170/ENSG00000172724/ENSG00000205542/ENSG00000140274/ENSG00000115009/ENSG00000135046/ENSG00000091592/ENSG00000086991/ENSG00000092929/ENSG00000163932/ENSG00000162711/ENSG00000103241/ENSG00000018280/ENSG00000160951/ENSG00000103222/ENSG00000183625/ENSG00000134198/ENSG00000132842/ENSG00000048052/ENSG00000106100/ENSG00000134954/ENSG00000168961/ENSG00000179583/ENSG00000102970/ENSG00000109272/ENSG00000109861/ENSG00000022556/ENSG00000169245/ENSG00000007171/ENSG00000145901/ENSG00000108262/ENSG00000164129/ENSG00000174130/ENSG00000144554/ENSG00000118432/ENSG00000176845/ENSG00000196776/ENSG00000105499/ENSG00000166949/ENSG00000156515/ENSG00000103490/ENSG00000115318/ENSG00000150337/ENSG00000172156/ENSG00000068001/ENSG00000249437/ENSG00000171150/ENSG00000183813/ENSG00000178562/ENSG00000132718/ENSG00000130368/ENSG00000109016/ENSG00000213906/ENSG00000108840/ENSG00000023445/ENSG00000137462/ENSG00000137869/ENSG00000131471/ENSG00000108700	AH	AH (Massey et al.)
REACTOME_INFLAMMASOMES	REACTOME_INFLAMMASOMES	21	0.43308365193425136	1.3858571056652356	0.08888888888888889	0.14444444444444446	0.07017543859649124	4806	tags=52%, list=25%, signal=40%	ENSG00000171791/ENSG00000171552/ENSG00000077150/ENSG00000265972/ENSG00000091592/ENSG00000162711/ENSG00000103490/ENSG00000136810/ENSG00000137752/ENSG00000142192/ENSG00000140368	AH	AH (Massey et al.)
WP_CELLS_AND_MOLECULES_INVOLVED_IN_LOCAL_ACUTE_INFLAMMATORY_RESPONSE	WP_CELLS_AND_MOLECULES_INVOLVED_IN_LOCAL_ACUTE_INFLAMMATORY_RESPONSE	17	0.36573666098140273	1.0885671668581087	0.323943661971831	0.46791862284820035	0.2273288855942674	280	tags=18%, list=1%, signal=17%	ENSG00000150093/ENSG00000169429/ENSG00000112936	AH	AH (Massey et al.)
GOBP_CYTOKINE_PRODUCTION_INVOLVED_IN_INFLAMMATORY_RESPONSE	GOBP_CYTOKINE_PRODUCTION_INVOLVED_IN_INFLAMMATORY_RESPONSE	54	0.2619042578171641	1.008679827699748	0.45121951219512196	0.5865853658536586	0.2849807445442876	5271	tags=35%, list=27%, signal=26%	ENSG00000095970/ENSG00000189058/ENSG00000012779/ENSG00000133216/ENSG00000181751/ENSG00000172243/ENSG00000007171/ENSG00000174130/ENSG00000103490/ENSG00000127743/ENSG00000166428/ENSG00000100644/ENSG00000183668/ENSG00000136044/ENSG00000177663/ENSG00000112115/ENSG00000187796/ENSG00000013725/ENSG00000121281	AH	AH (Massey et al.)
REACTOME_TNF_SIGNALING	REACTOME_TNF_SIGNALING	44	-0.25404459334238766	-0.922995518371883	0.5708661417322834	0.6495640509725017	0.3155776765858308	5325	tags=39%, list=27%, signal=28%	ENSG00000232810/ENSG00000264522/ENSG00000143947/ENSG00000179526/ENSG00000143258/ENSG00000221983/ENSG00000083799/ENSG00000156735/ENSG00000036672/ENSG00000137275/ENSG00000213341/ENSG00000067182/ENSG00000150991/ENSG00000055208/ENSG00000138600/ENSG00000170315/ENSG00000154124	AH	AH (Massey et al.)
GOBP_CHRONIC_INFLAMMATORY_RESPONSE	GOBP_CHRONIC_INFLAMMATORY_RESPONSE	17	0.3062867780825137	0.9116223934694201	0.5995975855130785	0.6495640509725017	0.3155776765858308	4742	tags=35%, list=24%, signal=27%	ENSG00000049768/ENSG00000118503/ENSG00000092929/ENSG00000137869/ENSG00000113520/ENSG00000170425	AH	AH (Massey et al.)
WP_CYTOKINES_AND_INFLAMMATORY_RESPONSE	WP_CYTOKINES_AND_INFLAMMATORY_RESPONSE	26	0.2546011317364154	0.8449538554052443	0.7251585623678647	0.7251585623678647	0.3523037549965335	1078	tags=12%, list=6%, signal=11%	ENSG00000163739/ENSG00000105329/ENSG00000197461	AH	AH (Massey et al.)
top100	Inflammation signature	100	0.7513651619950215	3.071112237165115	1.4076120364368836e-26	1.8298956473679486e-25	5.926787521839511e-26	3459	tags=73%, list=18%, signal=60%	ENSG00000140749/ENSG00000123338/ENSG00000161405/ENSG00000159403/ENSG00000185811/ENSG00000026751/ENSG00000163600/ENSG00000185862/ENSG00000160791/ENSG00000134516/ENSG00000140030/ENSG00000115956/ENSG00000101347/ENSG00000186517/ENSG00000081237/ENSG00000173193/ENSG00000132274/ENSG00000136167/ENSG00000121281/ENSG00000116824/ENSG00000239713/ENSG00000116701/ENSG00000078081/ENSG00000158714/ENSG00000141506/ENSG00000163840/ENSG00000179583/ENSG00000160593/ENSG00000138964/ENSG00000154451/ENSG00000100055/ENSG00000090382/ENSG00000043462/ENSG00000140678/ENSG00000180353/ENSG00000126353/ENSG00000172578/ENSG00000188404/ENSG00000167207/ENSG00000143119/ENSG00000162511/ENSG00000168685/ENSG00000141968/ENSG00000128815/ENSG00000167208/ENSG00000187474/ENSG00000172243/ENSG00000110876/ENSG00000182866/ENSG00000254087/ENSG00000155926/ENSG00000163565/ENSG00000117091/ENSG00000117090/ENSG00000111335/ENSG00000100368/ENSG00000137462/ENSG00000164691/ENSG00000135899/ENSG00000136286/ENSG00000160255/ENSG00000102879/ENSG00000142347/ENSG00000110324/ENSG00000138496/ENSG00000101336/ENSG00000149781/ENSG00000077984/ENSG00000162645/ENSG00000128284/ENSG00000169245/ENSG00000155307/ENSG00000158869	igan	IgAN (Park et al.)
GOBP_INFLAMMATORY_RESPONSE	GOBP_INFLAMMATORY_RESPONSE	746	0.30120098989826216	1.523465456508963	1.1376882952717543e-6	7.394973919266403e-6	2.3951332532036936e-6	3624	tags=30%, list=18%, signal=25%	ENSG00000168329/ENSG00000196664/ENSG00000134061/ENSG00000121807/ENSG00000173578/ENSG00000105894/ENSG00000105483/ENSG00000188906/ENSG00000102699/ENSG00000165168/ENSG00000019991/ENSG00000175899/ENSG00000150594/ENSG00000131471/ENSG00000114251/ENSG00000152495/ENSG00000026508/ENSG00000144891/ENSG00000275385/ENSG00000095970/ENSG00000102962/ENSG00000255690/ENSG00000186818/ENSG00000160791/ENSG00000136160/ENSG00000172349/ENSG00000105851/ENSG00000174123/ENSG00000171860/ENSG00000081237/ENSG00000010671/ENSG00000235568/ENSG00000151388/ENSG00000089041/ENSG00000174130/ENSG00000150593/ENSG00000178562/ENSG00000109320/ENSG00000146070/ENSG00000137077/ENSG00000161048/ENSG00000172724/ENSG00000121281/ENSG00000149311/ENSG00000099998/ENSG00000134250/ENSG00000183813/ENSG00000135829/ENSG00000005844/ENSG00000257017/ENSG00000158714/ENSG00000180772/ENSG00000025800/ENSG00000172156/ENSG00000101916/ENSG00000183049/ENSG00000163606/ENSG00000154124/ENSG00000143369/ENSG00000179583/ENSG00000172575/ENSG00000125384/ENSG00000086102/ENSG00000154451/ENSG00000132718/ENSG00000090382/ENSG00000170365/ENSG00000177575/ENSG00000107798/ENSG00000100985/ENSG00000126353/ENSG00000106178/ENSG00000136250/ENSG00000167601/ENSG00000117215/ENSG00000113916/ENSG00000167207/ENSG00000232810/ENSG00000166428/ENSG00000124875/ENSG00000157368/ENSG00000132386/ENSG00000072694/ENSG00000182578/ENSG00000088827/ENSG00000124256/ENSG00000153283/ENSG00000171522/ENSG00000142512/ENSG00000102245/ENSG00000017427/ENSG00000115414/ENSG00000164327/ENSG00000187474/ENSG00000116539/ENSG00000149187/ENSG00000172243/ENSG00000167984/ENSG00000186810/ENSG00000149534/ENSG00000129596/ENSG00000013725/ENSG00000163568/ENSG00000135218/ENSG00000106948/ENSG00000141655/ENSG00000091181/ENSG00000180549/ENSG00000254087/ENSG00000092531/ENSG00000163565/ENSG00000164342/ENSG00000115607/ENSG00000162692/ENSG00000144554/ENSG00000188822/ENSG00000106462/ENSG00000115594/ENSG00000167634/ENSG00000117090/ENSG00000115604/ENSG00000137462/ENSG00000104365/ENSG00000164129/ENSG00000158517/ENSG00000261701/ENSG00000014123/ENSG00000065675/ENSG00000140274/ENSG00000088812/ENSG00000174125/ENSG00000155111/ENSG00000120659/ENSG00000171951/ENSG00000181092/ENSG00000168229/ENSG00000006606/ENSG00000213694/ENSG00000173198/ENSG00000144648/ENSG00000172215/ENSG00000073754/ENSG00000181374/ENSG00000181104/ENSG00000177119/ENSG00000186188/ENSG00000012779/ENSG00000137033/ENSG00000173432/ENSG00000138755/ENSG00000113360/ENSG00000124212/ENSG00000196639/ENSG00000160255/ENSG00000203747/ENSG00000006128/ENSG00000112799/ENSG00000229314/ENSG00000186951/ENSG00000150093/ENSG00000204475/ENSG00000150455/ENSG00000100968/ENSG00000137752/ENSG00000271503/ENSG00000196839/ENSG00000213654/ENSG00000131203/ENSG00000048052/ENSG00000140368/ENSG00000214943/ENSG00000101336/ENSG00000165457/ENSG00000120436/ENSG00000165379/ENSG00000119682/ENSG00000134954/ENSG00000132965/ENSG00000162711/ENSG00000196083/ENSG00000070614/ENSG00000054219/ENSG00000068024/ENSG00000109272/ENSG00000224389/ENSG00000163154/ENSG00000077984/ENSG00000096968/ENSG00000134852/ENSG00000136869/ENSG00000167768/ENSG00000198793/ENSG00000128284/ENSG00000198829/ENSG00000187554/ENSG00000050730/ENSG00000100784/ENSG00000115318/ENSG00000139187/ENSG00000228278/ENSG00000125730/ENSG00000069667/ENSG00000101966/ENSG00000169245/ENSG00000105374/ENSG00000133216/ENSG00000136999/ENSG00000171608/ENSG00000113302/ENSG00000164742/ENSG00000150337/ENSG00000143507/ENSG00000149968/ENSG00000083799/ENSG00000143185/ENSG00000154589/ENSG00000123610/ENSG00000078747/ENSG00000102970/ENSG00000103037/ENSG00000078124/ENSG00000023445/ENSG00000112062	igan	IgAN (Park et al.)
REACTOME_INTERLEUKIN_1_SIGNALING	REACTOME_INTERLEUKIN_1_SIGNALING	102	-0.4779855950762276	-2.0299379631835137	6.654627415375572e-6	2.883671879996081e-5	9.339827951404314e-6	4527	tags=51%, list=23%, signal=39%	ENSG00000244687/ENSG00000131467/ENSG00000104825/ENSG00000184216/ENSG00000205220/ENSG00000101843/ENSG00000100519/ENSG00000177889/ENSG00000173692/ENSG00000197170/ENSG00000161057/ENSG00000092010/ENSG00000115008/ENSG00000099341/ENSG00000100911/ENSG00000013275/ENSG00000165916/ENSG00000161011/ENSG00000100804/ENSG00000168884/ENSG00000078902/ENSG00000129084/ENSG00000221983/ENSG00000277791/ENSG00000087191/ENSG00000106588/ENSG00000126067/ENSG00000110801/ENSG00000041357/ENSG00000142507/ENSG00000143947/ENSG00000101182/ENSG00000197885/ENSG00000159377/ENSG00000143106/ENSG00000136930/ENSG00000100387/ENSG00000127922/ENSG00000159352/ENSG00000100764/ENSG00000115233/ENSG00000170315/ENSG00000103035/ENSG00000008018/ENSG00000100902/ENSG00000125818/ENSG00000100567/ENSG00000163636/ENSG00000100906/ENSG00000185627/ENSG00000163221/ENSG00000125538	igan	IgAN (Park et al.)
REACTOME_INTERFERON_SIGNALING	REACTOME_INTERFERON_SIGNALING	196	0.375988151596007	1.680938177257023	3.270608062308128e-5	1.0629476202501416e-4	3.442745328745399e-5	5281	tags=42%, list=27%, signal=31%	ENSG00000121060/ENSG00000137265/ENSG00000026508/ENSG00000140968/ENSG00000132256/ENSG00000170581/ENSG00000120253/ENSG00000101347/ENSG00000162654/ENSG00000132274/ENSG00000149294/ENSG00000089127/ENSG00000119922/ENSG00000179583/ENSG00000231389/ENSG00000154451/ENSG00000075151/ENSG00000069248/ENSG00000047410/ENSG00000167333/ENSG00000113569/ENSG00000135114/ENSG00000135828/ENSG00000111331/ENSG00000030066/ENSG00000155561/ENSG00000055332/ENSG00000162434/ENSG00000159110/ENSG00000093000/ENSG00000162692/ENSG00000168310/ENSG00000132109/ENSG00000111335/ENSG00000213512/ENSG00000108424/ENSG00000213928/ENSG00000107201/ENSG00000258659/ENSG00000204287/ENSG00000204632/ENSG00000183486/ENSG00000124789/ENSG00000132530/ENSG00000134321/ENSG00000110713/ENSG00000223865/ENSG00000145349/ENSG00000069869/ENSG00000096968/ENSG00000162645/ENSG00000185885/ENSG00000153201/ENSG00000134253/ENSG00000160710/ENSG00000150337/ENSG00000115415/ENSG00000179344/ENSG00000232629/ENSG00000196735/ENSG00000138750/ENSG00000166233/ENSG00000166710/ENSG00000109654/ENSG00000095319/ENSG00000138646/ENSG00000182179/ENSG00000058804/ENSG00000126883/ENSG00000139496/ENSG00000142166/ENSG00000159128/ENSG00000152778/ENSG00000179295/ENSG00000027697/ENSG00000111537/ENSG00000163412/ENSG00000126709/ENSG00000157601/ENSG00000196911/ENSG00000110321/ENSG00000137699	igan	IgAN (Park et al.)
WP_INFLAMMATORY_RESPONSE_PATHWAY	WP_INFLAMMATORY_RESPONSE_PATHWAY	30	0.651618727268756	2.0925263849001725	4.403921797467237e-5	1.1450196673414817e-4	3.7085657241829376e-5	3899	tags=53%, list=20%, signal=43%	ENSG00000100385/ENSG00000164692/ENSG00000178562/ENSG00000147168/ENSG00000168542/ENSG00000114013/ENSG00000102245/ENSG00000115414/ENSG00000115085/ENSG00000182866/ENSG00000091181/ENSG00000121594/ENSG00000135862/ENSG00000058085/ENSG00000108821/ENSG00000134460	igan	IgAN (Park et al.)
GOBP_CYTOKINE_PRODUCTION_INVOLVED_IN_INFLAMMATORY_RESPONSE	GOBP_CYTOKINE_PRODUCTION_INVOLVED_IN_INFLAMMATORY_RESPONSE	54	0.4289781714920817	1.5742639698909955	0.006749113260498903	0.014623078731080956	0.004736219831929056	3944	tags=46%, list=20%, signal=37%	ENSG00000095970/ENSG00000186818/ENSG00000174130/ENSG00000150593/ENSG00000121281/ENSG00000025800/ENSG00000154451/ENSG00000167207/ENSG00000232810/ENSG00000166428/ENSG00000172243/ENSG00000167984/ENSG00000013725/ENSG00000106462/ENSG00000167634/ENSG00000012779/ENSG00000186951/ENSG00000213654/ENSG00000136869/ENSG00000133216/ENSG00000112062/ENSG00000177663/ENSG00000174697/ENSG00000157500/ENSG00000187796	igan	IgAN (Park et al.)
WP_CYTOKINES_AND_INFLAMMATORY_RESPONSE	WP_CYTOKINES_AND_INFLAMMATORY_RESPONSE	26	-0.5387655262837611	-1.7277169664142038	0.010906132258055923	0.02025424562210386	0.006560079553717849	1171	tags=23%, list=6%, signal=22%	ENSG00000136634/ENSG00000108342/ENSG00000095752/ENSG00000136244/ENSG00000125538/ENSG00000081041	igan	IgAN (Park et al.)
MSigDB hallmark inflammatory response	MSigDB hallmark inflammatory response	200	0.30508305596313334	1.36591741005039	0.01734032660326198	0.02817803073030072	0.009126487685927361	4046	tags=39%, list=21%, signal=31%	ENSG00000181634/ENSG00000165029/ENSG00000198121/ENSG00000165168/ENSG00000124479/ENSG00000100385/ENSG00000102962/ENSG00000177272/ENSG00000171860/ENSG00000106546/ENSG00000089041/ENSG00000109320/ENSG00000038945/ENSG00000078081/ENSG00000141506/ENSG00000172575/ENSG00000125384/ENSG00000049249/ENSG00000043462/ENSG00000126353/ENSG00000106178/ENSG00000167601/ENSG00000188404/ENSG00000167207/ENSG00000175591/ENSG00000110436/ENSG00000124875/ENSG00000168685/ENSG00000171522/ENSG00000055332/ENSG00000147257/ENSG00000182866/ENSG00000019169/ENSG00000254087/ENSG00000164342/ENSG00000057019/ENSG00000115607/ENSG00000117091/ENSG00000115594/ENSG00000117090/ENSG00000115604/ENSG00000137462/ENSG00000169851/ENSG00000070961/ENSG00000171596/ENSG00000119535/ENSG00000174125/ENSG00000172215/ENSG00000136514/ENSG00000138755/ENSG00000183484/ENSG00000196639/ENSG00000167995/ENSG00000271503/ENSG00000110324/ENSG00000162711/ENSG00000123700/ENSG00000054523/ENSG00000185885/ENSG00000169245/ENSG00000137393/ENSG00000113302/ENSG00000059728/ENSG00000105855/ENSG00000170961/ENSG00000056291/ENSG00000123610/ENSG00000102970/ENSG00000136754/ENSG00000047936/ENSG00000125726/ENSG00000226979/ENSG00000003989/ENSG00000132334/ENSG00000105976/ENSG00000145623/ENSG00000121989/ENSG00000169248	igan	IgAN (Park et al.)
WP_CELLS_AND_MOLECULES_INVOLVED_IN_LOCAL_ACUTE_INFLAMMATORY_RESPONSE	WP_CELLS_AND_MOLECULES_INVOLVED_IN_LOCAL_ACUTE_INFLAMMATORY_RESPONSE	17	0.5427348243500414	1.5168229984178396	0.04672897196261682	0.06749740394600208	0.02186150735093185	2330	tags=53%, list=12%, signal=47%	ENSG00000112936/ENSG00000115232/ENSG00000005844/ENSG00000039537/ENSG00000232810/ENSG00000110876/ENSG00000162692/ENSG00000160255/ENSG00000150093	igan	IgAN (Park et al.)
GOBP_ACUTE_INFLAMMATORY_RESPONSE	GOBP_ACUTE_INFLAMMATORY_RESPONSE	109	-0.26187610842950787	-1.1107803372116618	0.2371638141809291	0.30831295843520784	0.09985844807618069	1899	tags=19%, list=10%, signal=18%	ENSG00000072274/ENSG00000124731/ENSG00000117525/ENSG00000174885/ENSG00000084207/ENSG00000060566/ENSG00000130707/ENSG00000188372/ENSG00000174564/ENSG00000198535/ENSG00000073756/ENSG00000086232/ENSG00000172216/ENSG00000116288/ENSG00000205502/ENSG00000143546/ENSG00000178585/ENSG00000107485/ENSG00000136244/ENSG00000125538/ENSG00000099985	igan	IgAN (Park et al.)
REACTOME_INFLAMMASOMES	REACTOME_INFLAMMASOMES	21	0.3730242147599083	1.0851526346878622	0.3471698113207547	0.3920413990007138	0.12697697133626362	2812	tags=29%, list=14%, signal=25%	ENSG00000089041/ENSG00000109320/ENSG00000163568/ENSG00000137752/ENSG00000140368/ENSG00000162711	igan	IgAN (Park et al.)
GOBP_CHRONIC_INFLAMMATORY_RESPONSE	GOBP_CHRONIC_INFLAMMATORY_RESPONSE	17	-0.38692339393609165	-1.078042123229592	0.3618843683083512	0.3920413990007138	0.12697697133626362	1201	tags=24%, list=6%, signal=22%	ENSG00000163220/ENSG00000136634/ENSG00000143546/ENSG00000137869	igan	IgAN (Park et al.)
REACTOME_TNF_SIGNALING	REACTOME_TNF_SIGNALING	44	0.2762440819222979	0.9726408446190651	0.5126353790613718	0.5126353790613718	0.16603575030327836	3611	tags=27%, list=18%, signal=22%	ENSG00000264522/ENSG00000154124/ENSG00000232810/ENSG00000003402/ENSG00000064012/ENSG00000035681/ENSG00000103056/ENSG00000104365/ENSG00000101966/ENSG00000083799/ENSG00000135341/ENSG00000023445	igan	IgAN (Park et al.)
top100	Inflammation signature	100	0.49110121389876404	2.235191874109506	7.623005148371204e-9	9.909906692882566e-8	7.22179435108851e-8	4705	tags=51%, list=25%, signal=38%	ENSG00000168685/ENSG00000026751/ENSG00000161405/ENSG00000162645/ENSG00000140030/ENSG00000154451/ENSG00000185862/ENSG00000159403/ENSG00000143110/ENSG00000172578/ENSG00000028137/ENSG00000163565/ENSG00000090382/ENSG00000160593/ENSG00000043462/ENSG00000163840/ENSG00000185811/ENSG00000186517/ENSG00000090339/ENSG00000160791/ENSG00000173193/ENSG00000135899/ENSG00000110324/ENSG00000081237/ENSG00000019582/ENSG00000187474/ENSG00000145623/ENSG00000138496/ENSG00000147443/ENSG00000128284/ENSG00000141506/ENSG00000117228/ENSG00000168461/ENSG00000117091/ENSG00000142089/ENSG00000101347/ENSG00000158869/ENSG00000188404/ENSG00000132274/ENSG00000163600/ENSG00000162493/ENSG00000182866/ENSG00000140749/ENSG00000077984/ENSG00000117090/ENSG00000158714/ENSG00000138964/ENSG00000100453/ENSG00000172243/ENSG00000110876/ENSG00000134516	MS	MS (Elkjaer et al.)
WP_CELLS_AND_MOLECULES_INVOLVED_IN_LOCAL_ACUTE_INFLAMMATORY_RESPONSE	WP_CELLS_AND_MOLECULES_INVOLVED_IN_LOCAL_ACUTE_INFLAMMATORY_RESPONSE	17	0.6383513364102433	1.9569208641876956	0.0025553617729733467	0.016609851524326754	0.012104345240400063	5694	tags=65%, list=30%, signal=45%	ENSG00000039537/ENSG00000115232/ENSG00000150093/ENSG00000112936/ENSG00000090339/ENSG00000106804/ENSG00000005844/ENSG00000110876/ENSG00000125730/ENSG00000115008/ENSG00000162692	MS	MS (Elkjaer et al.)
WP_INFLAMMATORY_RESPONSE_PATHWAY	WP_INFLAMMATORY_RESPONSE_PATHWAY	30	0.49671119492860727	1.7741454253663567	0.004023376065342154	0.017434629616482667	0.012705398101080486	4804	tags=53%, list=26%, signal=40%	ENSG00000091181/ENSG00000147168/ENSG00000067182/ENSG00000028137/ENSG00000135862/ENSG00000102245/ENSG00000134460/ENSG00000164692/ENSG00000178562/ENSG00000101017/ENSG00000100385/ENSG00000121594/ENSG00000111537/ENSG00000182866/ENSG00000114013/ENSG00000113525	MS	MS (Elkjaer et al.)
REACTOME_INTERLEUKIN_1_SIGNALING	REACTOME_INTERLEUKIN_1_SIGNALING	102	-0.3453106399466266	-1.4369830917655533	0.024420790135772173	0.07936756794125956	0.0578387134794604	2250	tags=27%, list=12%, signal=24%	ENSG00000169032/ENSG00000110801/ENSG00000100911/ENSG00000143106/ENSG00000198909/ENSG00000204305/ENSG00000159377/ENSG00000221983/ENSG00000175166/ENSG00000087191/ENSG00000204264/ENSG00000126067/ENSG00000184216/ENSG00000174516/ENSG00000108344/ENSG00000168884/ENSG00000150991/ENSG00000159352/ENSG00000269335/ENSG00000277791/ENSG00000100324/ENSG00000161011/ENSG00000134070/ENSG00000013275/ENSG00000142507/ENSG00000100804/ENSG00000165916/ENSG00000101182	MS	MS (Elkjaer et al.)
REACTOME_TNF_SIGNALING	REACTOME_TNF_SIGNALING	44	-0.38370131433562193	-1.3701653869505046	0.07716535433070866	0.20062992125984253	0.14620803978450062	2810	tags=34%, list=15%, signal=29%	ENSG00000114316/ENSG00000127191/ENSG00000103056/ENSG00000221983/ENSG00000092098/ENSG00000036672/ENSG00000204628/ENSG00000179526/ENSG00000150991/ENSG00000269335/ENSG00000005206/ENSG00000168040/ENSG00000102871/ENSG00000125826/ENSG00000100324	MS	MS (Elkjaer et al.)
REACTOME_INFLAMMASOMES	REACTOME_INFLAMMASOMES	21	0.3901304395765225	1.285341306576003	0.13942307692307693	0.3020833333333333	0.22014170040485828	2973	tags=29%, list=16%, signal=24%	ENSG00000096384/ENSG00000163568/ENSG00000137752/ENSG00000136810/ENSG00000165416/ENSG00000171791	MS	MS (Elkjaer et al.)
GOBP_CYTOKINE_PRODUCTION_INVOLVED_IN_INFLAMMATORY_RESPONSE	GOBP_CYTOKINE_PRODUCTION_INVOLVED_IN_INFLAMMATORY_RESPONSE	54	-0.3094147178051725	-1.1561281309982077	0.2361963190184049	0.43036529680365293	0.3136265320836337	2533	tags=19%, list=14%, signal=16%	ENSG00000181751/ENSG00000007171/ENSG00000127743/ENSG00000105223/ENSG00000179094/ENSG00000172458/ENSG00000107874/ENSG00000101986/ENSG00000177830/ENSG00000133216	MS	MS (Elkjaer et al.)
MSigDB hallmark inflammatory response	MSigDB hallmark inflammatory response	199	0.20984022340027947	1.074421112581222	0.2648401826484018	0.43036529680365293	0.3136265320836337	4820	tags=31%, list=26%, signal=23%	ENSG00000168685/ENSG00000057019/ENSG00000196639/ENSG00000164023/ENSG00000226979/ENSG00000055332/ENSG00000121989/ENSG00000102962/ENSG00000028137/ENSG00000181634/ENSG00000163421/ENSG00000271503/ENSG00000038945/ENSG00000169836/ENSG00000104312/ENSG00000164136/ENSG00000059728/ENSG00000123609/ENSG00000108691/ENSG00000043462/ENSG00000136754/ENSG00000121797/ENSG00000115594/ENSG00000105246/ENSG00000100644/ENSG00000067082/ENSG00000090339/ENSG00000171596/ENSG00000137393/ENSG00000110324/ENSG00000197405/ENSG00000170961/ENSG00000145623/ENSG00000258227/ENSG00000142227/ENSG00000101017/ENSG00000136868/ENSG00000100385/ENSG00000124479/ENSG00000141506/ENSG00000196352/ENSG00000117091/ENSG00000150782/ENSG00000188404/ENSG00000106546/ENSG00000136514/ENSG00000105976/ENSG00000019169/ENSG00000162493/ENSG00000135124/ENSG00000182866/ENSG00000174600/ENSG00000117090/ENSG00000064989/ENSG00000007908/ENSG00000132155/ENSG00000017260/ENSG00000174125/ENSG00000159128/ENSG00000259207/ENSG00000172215	MS	MS (Elkjaer et al.)
WP_CYTOKINES_AND_INFLAMMATORY_RESPONSE	WP_CYTOKINES_AND_INFLAMMATORY_RESPONSE	26	0.3104252825850955	1.071411092408951	0.35768261964735515	0.5166526728239574	0.37650802068142647	5752	tags=35%, list=31%, signal=24%	ENSG00000104432/ENSG00000164136/ENSG00000095752/ENSG00000164399/ENSG00000204287/ENSG00000111537/ENSG00000113525/ENSG00000115008/ENSG00000109471	MS	MS (Elkjaer et al.)
REACTOME_INTERFERON_SIGNALING	REACTOME_INTERFERON_SIGNALING	197	0.16904119561160014	0.865412475942418	0.8789237668161435	0.9845070422535211	0.7174545247191652	5098	tags=35%, list=27%, signal=25%	ENSG00000258659/ENSG00000117226/ENSG00000162645/ENSG00000117595/ENSG00000154451/ENSG00000137265/ENSG00000186432/ENSG00000033800/ENSG00000047410/ENSG00000055332/ENSG00000175354/ENSG00000198502/ENSG00000132256/ENSG00000026508/ENSG00000183486/ENSG00000132109/ENSG00000116030/ENSG00000101871/ENSG00000138646/ENSG00000090339/ENSG00000058804/ENSG00000106785/ENSG00000121060/ENSG00000067066/ENSG00000153201/ENSG00000156587/ENSG00000121236/ENSG00000233816/ENSG00000069869/ENSG00000196911/ENSG00000163002/ENSG00000168310/ENSG00000134321/ENSG00000140968/ENSG00000124789/ENSG00000117228/ENSG00000204287/ENSG00000107201/ENSG00000108424/ENSG00000142089/ENSG00000101347/ENSG00000166233/ENSG00000166710/ENSG00000204616/ENSG00000223865/ENSG00000135114/ENSG00000132274/ENSG00000114030/ENSG00000162434/ENSG00000111537/ENSG00000182481/ENSG00000179295/ENSG00000075151/ENSG00000093000/ENSG00000213928/ENSG00000110321/ENSG00000137699/ENSG00000147873/ENSG00000137080/ENSG00000159128/ENSG00000162654/ENSG00000197919/ENSG00000145349/ENSG00000179344/ENSG00000231389/ENSG00000135930/ENSG00000237541/ENSG00000185201	MS	MS (Elkjaer et al.)
GOBP_INFLAMMATORY_RESPONSE	GOBP_INFLAMMATORY_RESPONSE	739	-0.1659092923564072	-0.8388954438778512	0.9459745762711864	0.9845070422535211	0.7174545247191652	5989	tags=30%, list=32%, signal=21%	ENSG00000132510/ENSG00000167601/ENSG00000100902/ENSG00000180549/ENSG00000127507/ENSG00000152495/ENSG00000182197/ENSG00000173757/ENSG00000100292/ENSG00000168256/ENSG00000171049/ENSG00000184599/ENSG00000119714/ENSG00000092009/ENSG00000114520/ENSG00000114378/ENSG00000107485/ENSG00000137801/ENSG00000164742/ENSG00000157017/ENSG00000121853/ENSG00000144891/ENSG00000008438/ENSG00000144554/ENSG00000142405/ENSG00000012779/ENSG00000174123/ENSG00000163737/ENSG00000134339/ENSG00000163221/ENSG00000168610/ENSG00000100968/ENSG00000006210/ENSG00000100985/ENSG00000104825/ENSG00000151651/ENSG00000205542/ENSG00000069482/ENSG00000185917/ENSG00000051523/ENSG00000171051/ENSG00000091106/ENSG00000158480/ENSG00000184979/ENSG00000185792/ENSG00000136238/ENSG00000074416/ENSG00000145901/ENSG00000144648/ENSG00000198053/ENSG00000163220/ENSG00000168398/ENSG00000108405/ENSG00000148344/ENSG00000104518/ENSG00000163346/ENSG00000177733/ENSG00000160505/ENSG00000117525/ENSG00000030582/ENSG00000128016/ENSG00000109320/ENSG00000127666/ENSG00000111684/ENSG00000078902/ENSG00000124181/ENSG00000068024/ENSG00000025434/ENSG00000119682/ENSG00000107020/ENSG00000171951/ENSG00000240972/ENSG00000060566/ENSG00000163932/ENSG00000163701/ENSG00000160951/ENSG00000108840/ENSG00000143369/ENSG00000164850/ENSG00000213088/ENSG00000092929/ENSG00000130164/ENSG00000133116/ENSG00000205502/ENSG00000106538/ENSG00000196839/ENSG00000102575/ENSG00000100031/ENSG00000163735/ENSG00000155897/ENSG00000137869/ENSG00000016082/ENSG00000163930/ENSG00000233276/ENSG00000197272/ENSG00000163702/ENSG00000115598/ENSG00000164535/ENSG00000108262/ENSG00000145632/ENSG00000105372/ENSG00000123154/ENSG00000134780/ENSG00000064932/ENSG00000100263/ENSG00000075975/ENSG00000184557/ENSG00000176903/ENSG00000172216/ENSG00000142798/ENSG00000109016/ENSG00000164509/ENSG00000003137/ENSG00000140564/ENSG00000115718/ENSG00000131669/ENSG00000166086/ENSG00000130775/ENSG00000131471/ENSG00000159840/ENSG00000132718/ENSG00000133048/ENSG00000112033/ENSG00000110719/ENSG00000175264/ENSG00000006128/ENSG00000130427/ENSG00000153162/ENSG00000142208/ENSG00000162889/ENSG00000070501/ENSG00000187116/ENSG00000159307/ENSG00000129988/ENSG00000006638/ENSG00000204305/ENSG00000181751/ENSG00000007171/ENSG00000146216/ENSG00000103222/ENSG00000198793/ENSG00000185897/ENSG00000127743/ENSG00000177628/ENSG00000149021/ENSG00000213015/ENSG00000159377/ENSG00000105499/ENSG00000065675/ENSG00000179776/ENSG00000105223/ENSG00000100997/ENSG00000198829/ENSG00000186716/ENSG00000067606/ENSG00000103175/ENSG00000176170/ENSG00000111199/ENSG00000068001/ENSG00000163736/ENSG00000132522/ENSG00000179094/ENSG00000126353/ENSG00000176845/ENSG00000184163/ENSG00000136848/ENSG00000198535/ENSG00000178585/ENSG00000163435/ENSG00000179526/ENSG00000122585/ENSG00000168884/ENSG00000163485/ENSG00000197417/ENSG00000140254/ENSG00000068079/ENSG00000126456/ENSG00000172458/ENSG00000269335/ENSG00000142186/ENSG00000136826/ENSG00000166484/ENSG00000115353/ENSG00000130707/ENSG00000163794/ENSG00000196689/ENSG00000130203/ENSG00000114383/ENSG00000142627/ENSG00000160703/ENSG00000162302/ENSG00000123146/ENSG00000034152/ENSG00000123610/ENSG00000185187/ENSG00000008516/ENSG00000143546/ENSG00000102871/ENSG00000135744/ENSG00000092445/ENSG00000169710/ENSG00000167468/ENSG00000125845/ENSG00000099985/ENSG00000107874/ENSG00000110651/ENSG00000148400/ENSG00000126432/ENSG00000134070/ENSG00000175040/ENSG00000101986/ENSG00000163661/ENSG00000100097/ENSG00000148926/ENSG00000177830/ENSG00000167815/ENSG00000138623/ENSG00000104856/ENSG00000084207/ENSG00000133216/ENSG00000110921/ENSG00000070614/ENSG00000154710/ENSG00000145839	MS	MS (Elkjaer et al.)
GOBP_CHRONIC_INFLAMMATORY_RESPONSE	GOBP_CHRONIC_INFLAMMATORY_RESPONSE	17	0.24624722804181348	0.7548920333014244	0.8422391857506362	0.9845070422535211	0.7174545247191652	1235	tags=12%, list=7%, signal=11%	ENSG00000226979/ENSG00000271503	MS	MS (Elkjaer et al.)
GOBP_ACUTE_INFLAMMATORY_RESPONSE	GOBP_ACUTE_INFLAMMATORY_RESPONSE	108	-0.16079969193031798	-0.6709585538381236	0.9845070422535211	0.9845070422535211	0.7174545247191652	3453	tags=17%, list=18%, signal=14%	ENSG00000100263/ENSG00000172216/ENSG00000164509/ENSG00000130427/ENSG00000129988/ENSG00000185897/ENSG00000126353/ENSG00000198535/ENSG00000178585/ENSG00000122585/ENSG00000163485/ENSG00000115353/ENSG00000130707/ENSG00000196689/ENSG00000185187/ENSG00000143546/ENSG00000099985/ENSG00000084207	MS	MS (Elkjaer et al.)
top100	Inflammation signature	58	0.8498449077988386	2.1138984571593746	2.63849076339861e-9	3.430037992418193e-8	1.9441510888200283e-8	551	tags=79%, list=9%, signal=73%	ENSG00000090382/ENSG00000128335/ENSG00000117228/ENSG00000090339/ENSG00000158869/ENSG00000085265/ENSG00000025708/ENSG00000172183/ENSG00000136167/ENSG00000160255/ENSG00000102879/ENSG00000019582/ENSG00000141968/ENSG00000163565/ENSG00000115956/ENSG00000081237/ENSG00000154451/ENSG00000128284/ENSG00000111335/ENSG00000186517/ENSG00000185862/ENSG00000173193/ENSG00000163840/ENSG00000132274/ENSG00000162645/ENSG00000140678/ENSG00000116701/ENSG00000138496/ENSG00000043462/ENSG00000239713/ENSG00000128815/ENSG00000142347/ENSG00000149781/ENSG00000185811/ENSG00000134516/ENSG00000130429/ENSG00000180353/ENSG00000254087/ENSG00000188404/ENSG00000138964/ENSG00000101347/ENSG00000142089/ENSG00000101336/ENSG00000136286/ENSG00000143119/ENSG00000130775	UC.hansen	UC (Schniers et al.)
GOBP_INFLAMMATORY_RESPONSE	GOBP_INFLAMMATORY_RESPONSE	290	0.5806738895646067	1.7632040729819243	7.3251490343175e-9	4.761346872306375e-8	2.6987391179064473e-8	739	tags=24%, list=12%, signal=23%	ENSG00000143546/ENSG00000163220/ENSG00000163221/ENSG00000172232/ENSG00000090382/ENSG00000197561/ENSG00000128335/ENSG00000101017/ENSG00000197943/ENSG00000160255/ENSG00000100985/ENSG00000163565/ENSG00000007171/ENSG00000130707/ENSG00000081237/ENSG00000154451/ENSG00000051523/ENSG00000165168/ENSG00000158517/ENSG00000118113/ENSG00000128284/ENSG00000137752/ENSG00000010671/ENSG00000168610/ENSG00000131203/ENSG00000196839/ENSG00000005844/ENSG00000149968/ENSG00000203747/ENSG00000196954/ENSG00000213654/ENSG00000035720/ENSG00000254087/ENSG00000105372/ENSG00000109743/ENSG00000142186/ENSG00000198053/ENSG00000204472/ENSG00000149311/ENSG00000164104/ENSG00000159840/ENSG00000172349/ENSG00000133048/ENSG00000126456/ENSG00000092929/ENSG00000101336/ENSG00000196126/ENSG00000139687/ENSG00000173757/ENSG00000155629/ENSG00000162692/ENSG00000170458/ENSG00000148344/ENSG00000130775/ENSG00000129084/ENSG00000068079/ENSG00000110719/ENSG00000104518/ENSG00000132965/ENSG00000112062/ENSG00000014123/ENSG00000137033/ENSG00000162889/ENSG00000171608/ENSG00000204592/ENSG00000146070/ENSG00000150782/ENSG00000103222/ENSG00000165025/ENSG00000123609/ENSG00000169710	UC.hansen	UC (Schniers et al.)
REACTOME_INTERFERON_SIGNALING	REACTOME_INTERFERON_SIGNALING	124	0.6640165281476905	1.8322917056724948	1.932507630874744e-6	8.374199733790557e-6	4.746509970569547e-6	841	tags=39%, list=14%, signal=34%	ENSG00000117228/ENSG00000156587/ENSG00000115415/ENSG00000090339/ENSG00000172183/ENSG00000196396/ENSG00000154451/ENSG00000111335/ENSG00000111679/ENSG00000132274/ENSG00000162645/ENSG00000137265/ENSG00000204525/ENSG00000182481/ENSG00000170581/ENSG00000067066/ENSG00000179344/ENSG00000162654/ENSG00000187608/ENSG00000130303/ENSG00000206503/ENSG00000093000/ENSG00000183486/ENSG00000101347/ENSG00000114867/ENSG00000126456/ENSG00000185885/ENSG00000185201/ENSG00000142089/ENSG00000196126/ENSG00000204287/ENSG00000157601/ENSG00000162692/ENSG00000161960/ENSG00000152778/ENSG00000068079/ENSG00000055332/ENSG00000196735/ENSG00000204592/ENSG00000204264/ENSG00000111331/ENSG00000164163/ENSG00000132182/ENSG00000175354/ENSG00000033800/ENSG00000102900/ENSG00000135930/ENSG00000119917	UC.hansen	UC (Schniers et al.)
GOBP_ACUTE_INFLAMMATORY_RESPONSE	GOBP_ACUTE_INFLAMMATORY_RESPONSE	45	0.7560615346377827	1.807798741783834	2.6982053770559857e-4	8.769167475431954e-4	4.970378326155763e-4	675	tags=22%, list=11%, signal=20%	ENSG00000143546/ENSG00000197561/ENSG00000128335/ENSG00000130707/ENSG00000010671/ENSG00000203747/ENSG00000162692/ENSG00000148344/ENSG00000132965/ENSG00000204592	UC.hansen	UC (Schniers et al.)
WP_CELLS_AND_MOLECULES_INVOLVED_IN_LOCAL_ACUTE_INFLAMMATORY_RESPONSE	WP_CELLS_AND_MOLECULES_INVOLVED_IN_LOCAL_ACUTE_INFLAMMATORY_RESPONSE	11	0.86622915710753	1.5407244309619632	0.01133086107441431	0.024550198994564336	0.013915092547526346	527	tags=36%, list=9%, signal=33%	ENSG00000090339/ENSG00000160255/ENSG00000005844/ENSG00000162692	UC.hansen	UC (Schniers et al.)
REACTOME_INTERLEUKIN_1_SIGNALING	REACTOME_INTERLEUKIN_1_SIGNALING	73	0.5888201085976323	1.5304265190183564	0.010991408981338012	0.024550198994564336	0.013915092547526346	1248	tags=42%, list=20%, signal=34%	ENSG00000163221/ENSG00000100911/ENSG00000240065/ENSG00000092010/ENSG00000077150/ENSG00000169032/ENSG00000205220/ENSG00000131467/ENSG00000129084/ENSG00000175166/ENSG00000204264/ENSG00000161057/ENSG00000087191/ENSG00000173432/ENSG00000100567/ENSG00000013275/ENSG00000108344/ENSG00000104365/ENSG00000108671/ENSG00000101182/ENSG00000277791/ENSG00000197170/ENSG00000185627/ENSG00000165916/ENSG00000099341/ENSG00000100902/ENSG00000173692/ENSG00000143106/ENSG00000106588/ENSG00000041357/ENSG00000126067	UC.hansen	UC (Schniers et al.)
GOBP_CHRONIC_INFLAMMATORY_RESPONSE	GOBP_CHRONIC_INFLAMMATORY_RESPONSE	5	0.9155203107298916	1.3973531337031353	0.057705400684405786	0.10716717269961075	0.060742527036216624	527	tags=100%, list=9%, signal=92%	ENSG00000143546/ENSG00000163220/ENSG00000131203/ENSG00000092929/ENSG00000162692	UC.hansen	UC (Schniers et al.)
MSigDB hallmark inflammatory response	MSigDB hallmark inflammatory response	52	0.4416626988087174	1.0732652866768284	0.2740963855421687	0.44540662650602414	0.25245719720989224	778	tags=37%, list=13%, signal=32%	ENSG00000101017/ENSG00000090339/ENSG00000105835/ENSG00000165168/ENSG00000043462/ENSG00000231925/ENSG00000254087/ENSG00000130303/ENSG00000188404/ENSG00000187764/ENSG00000185885/ENSG00000170458/ENSG00000132155/ENSG00000055332/ENSG00000085117/ENSG00000150782/ENSG00000182866/ENSG00000123609/ENSG00000130706	UC.hansen	UC (Schniers et al.)
WP_CYTOKINES_AND_INFLAMMATORY_RESPONSE	WP_CYTOKINES_AND_INFLAMMATORY_RESPONSE	3	0.8050477269050316	1.1392467753782085	0.32181425485961124	0.464842812574994	0.26347365894938934	1208	tags=100%, list=20%, signal=81%	ENSG00000196126/ENSG00000204287/ENSG00000010610	UC.hansen	UC (Schniers et al.)
WP_INFLAMMATORY_RESPONSE_PATHWAY	WP_INFLAMMATORY_RESPONSE_PATHWAY	13	0.5888394279565455	1.097625221960575	0.37168141592920356	0.48318584070796466	0.2738705170004658	716	tags=23%, list=12%, signal=20%	ENSG00000101017/ENSG00000115085/ENSG00000182866	UC.hansen	UC (Schniers et al.)
GOBP_CYTOKINE_PRODUCTION_INVOLVED_IN_INFLAMMATORY_RESPONSE	GOBP_CYTOKINE_PRODUCTION_INVOLVED_IN_INFLAMMATORY_RESPONSE	21	0.5107440688265391	1.0288588394240505	0.4329411764705882	0.5116577540106952	0.29000844356881506	366	tags=24%, list=6%, signal=22%	ENSG00000007171/ENSG00000154451/ENSG00000168610/ENSG00000213654/ENSG00000198053	UC.hansen	UC (Schniers et al.)
REACTOME_INFLAMMASOMES	REACTOME_INFLAMMASOMES	13	0.410473634529197	0.7651427414984899	0.7876106194690266	0.853244837758112	0.4836205558143145	262	tags=15%, list=4%, signal=15%	ENSG00000137752/ENSG00000077150	UC.hansen	UC (Schniers et al.)
REACTOME_TNF_SIGNALING	REACTOME_TNF_SIGNALING	26	-0.29580964018676137	-0.5928741310125799	0.9835526315789473	0.9835526315789473	0.5574792243767313	784	tags=15%, list=13%, signal=13%	ENSG00000127191/ENSG00000138600/ENSG00000264522/ENSG00000103056	UC.hansen	UC (Schniers et al.)
top100	Inflammation signature	47	0.6575646642690418	2.5567755129926	1.1195673544690603e-8	1.4554375608097784e-7	5.892459760363476e-8	1181	tags=64%, list=22%, signal=50%	ENSG00000090382/ENSG00000160255/ENSG00000025708/ENSG00000154451/ENSG00000090339/ENSG00000168461/ENSG00000101336/ENSG00000116701/ENSG00000172183/ENSG00000130775/ENSG00000163840/ENSG00000128284/ENSG00000254087/ENSG00000142347/ENSG00000162645/ENSG00000149781/ENSG00000115956/ENSG00000158869/ENSG00000128335/ENSG00000117228/ENSG00000138496/ENSG00000081237/ENSG00000141968/ENSG00000128815/ENSG00000147443/ENSG00000102879/ENSG00000136167/ENSG00000102265/ENSG00000019582/ENSG00000134516	UC.andersen	UC (Bennike et al.)
GOBP_INFLAMMATORY_RESPONSE	GOBP_INFLAMMATORY_RESPONSE	247	0.3596014456157817	1.8205456030622196	7.1193866659232e-8	4.62760133285008e-7	1.873522806821895e-7	691	tags=28%, list=13%, signal=25%	ENSG00000163220/ENSG00000100985/ENSG00000257017/ENSG00000197561/ENSG00000135046/ENSG00000090382/ENSG00000161905/ENSG00000160255/ENSG00000007171/ENSG00000163221/ENSG00000133048/ENSG00000143546/ENSG00000244731/ENSG00000055955/ENSG00000165168/ENSG00000197943/ENSG00000137752/ENSG00000154451/ENSG00000129084/ENSG00000068079/ENSG00000118113/ENSG00000092929/ENSG00000164171/ENSG00000101336/ENSG00000158517/ENSG00000131871/ENSG00000109743/ENSG00000168961/ENSG00000130775/ENSG00000163932/ENSG00000129515/ENSG00000130707/ENSG00000128284/ENSG00000012779/ENSG00000148965/ENSG00000254087/ENSG00000204592/ENSG00000109861/ENSG00000110719/ENSG00000196839/ENSG00000134339/ENSG00000104518/ENSG00000123146/ENSG00000105372/ENSG00000164022/ENSG00000180210/ENSG00000158874/ENSG00000163737/ENSG00000229314/ENSG00000128335/ENSG00000137509/ENSG00000065427/ENSG00000109272/ENSG00000131203/ENSG00000049245/ENSG00000103222/ENSG00000132965/ENSG00000005844/ENSG00000228278/ENSG00000129988/ENSG00000213654/ENSG00000149311/ENSG00000026508/ENSG00000072274/ENSG00000150782/ENSG00000163736/ENSG00000106804/ENSG00000073754	UC.andersen	UC (Bennike et al.)
REACTOME_INTERLEUKIN_1_SIGNALING	REACTOME_INTERLEUKIN_1_SIGNALING	72	0.4396750795853772	1.8913465939384129	1.6263340499695386e-4	7.047447549868001e-4	2.853217631525507e-4	433	tags=22%, list=8%, signal=21%	ENSG00000143106/ENSG00000161057/ENSG00000013275/ENSG00000103035/ENSG00000165916/ENSG00000131467/ENSG00000163221/ENSG00000100519/ENSG00000240065/ENSG00000008018/ENSG00000129084/ENSG00000106588/ENSG00000197170/ENSG00000087191/ENSG00000115233/ENSG00000126067	UC.andersen	UC (Bennike et al.)
GOBP_ACUTE_INFLAMMATORY_RESPONSE	GOBP_ACUTE_INFLAMMATORY_RESPONSE	41	0.5286327209174952	1.9865336283700932	2.2038327691125992e-4	7.162456499615948e-4	2.8997799593586835e-4	874	tags=51%, list=16%, signal=43%	ENSG00000257017/ENSG00000197561/ENSG00000143546/ENSG00000055955/ENSG00000131871/ENSG00000130707/ENSG00000148965/ENSG00000204592/ENSG00000134339/ENSG00000180210/ENSG00000158874/ENSG00000229314/ENSG00000128335/ENSG00000137509/ENSG00000132965/ENSG00000228278/ENSG00000129988/ENSG00000072274/ENSG00000084207/ENSG00000125730/ENSG00000086062	UC.andersen	UC (Bennike et al.)
GOBP_CHRONIC_INFLAMMATORY_RESPONSE	GOBP_CHRONIC_INFLAMMATORY_RESPONSE	5	0.8960579682460235	1.8462052044366546	9.89439210227059e-4	0.0025725419465903536	0.0010415149581337463	563	tags=80%, list=10%, signal=72%	ENSG00000163220/ENSG00000143546/ENSG00000092929/ENSG00000131203	UC.andersen	UC (Bennike et al.)
WP_INFLAMMATORY_RESPONSE_PATHWAY	WP_INFLAMMATORY_RESPONSE_PATHWAY	11	-0.7002195937640017	-1.686320794697592	0.008048707828970235	0.01743886696276884	0.0070602700254124885	576	tags=55%, list=11%, signal=49%	ENSG00000135862/ENSG00000172037/ENSG00000115414/ENSG00000164692/ENSG00000108821/ENSG00000130702	UC.andersen	UC (Bennike et al.)
WP_CELLS_AND_MOLECULES_INVOLVED_IN_LOCAL_ACUTE_INFLAMMATORY_RESPONSE	WP_CELLS_AND_MOLECULES_INVOLVED_IN_LOCAL_ACUTE_INFLAMMATORY_RESPONSE	11	0.6225913493290226	1.6945173787451389	0.03269992894319699	0.053137384532695106	0.021513111146840125	811	tags=55%, list=15%, signal=47%	ENSG00000160255/ENSG00000090339/ENSG00000005844/ENSG00000039537/ENSG00000106804/ENSG00000125730	UC.andersen	UC (Bennike et al.)
REACTOME_INTERFERON_SIGNALING	REACTOME_INTERFERON_SIGNALING	125	0.286468855932122	1.345727469554672	0.031670108593083474	0.053137384532695106	0.021513111146840125	701	tags=22%, list=13%, signal=19%	ENSG00000111679/ENSG00000154451/ENSG00000137265/ENSG00000068079/ENSG00000090339/ENSG00000108424/ENSG00000047410/ENSG00000196396/ENSG00000110321/ENSG00000152778/ENSG00000172183/ENSG00000163932/ENSG00000157020/ENSG00000160710/ENSG00000204592/ENSG00000162645/ENSG00000110713/ENSG00000138032/ENSG00000162434/ENSG00000117228/ENSG00000115415/ENSG00000162654/ENSG00000182481/ENSG00000026508/ENSG00000216490/ENSG00000075151/ENSG00000170581	UC.andersen	UC (Bennike et al.)
MSigDB hallmark inflammatory response	MSigDB hallmark inflammatory response	47	0.36127380932965625	1.4047227282299548	0.055289604802486195	0.07986276249248006	0.03233310222367614	715	tags=21%, list=13%, signal=19%	ENSG00000105835/ENSG00000165168/ENSG00000177105/ENSG00000090339/ENSG00000131871/ENSG00000254087/ENSG00000157227/ENSG00000150782/ENSG00000231925/ENSG00000139514	UC.andersen	UC (Bennike et al.)
REACTOME_INFLAMMASOMES	REACTOME_INFLAMMASOMES	12	0.4141685748564382	1.1474683006729516	0.26	0.338	0.1368421052631579	1144	tags=50%, list=21%, signal=40%	ENSG00000137752/ENSG00000096384/ENSG00000110218/ENSG00000100292/ENSG00000103490/ENSG00000109320	UC.andersen	UC (Bennike et al.)
WP_CYTOKINES_AND_INFLAMMATORY_RESPONSE	WP_CYTOKINES_AND_INFLAMMATORY_RESPONSE	2	-0.6994675968422985	-1.0395042037718962	0.45083487940630795	0.5328048574801821	0.21571046861545837	1640	tags=100%, list=30%, signal=70%	ENSG00000196126	UC.andersen	UC (Bennike et al.)
GOBP_CYTOKINE_PRODUCTION_INVOLVED_IN_INFLAMMATORY_RESPONSE	GOBP_CYTOKINE_PRODUCTION_INVOLVED_IN_INFLAMMATORY_RESPONSE	20	-0.3359233373505055	-0.9288628191962025	0.5701754385964912	0.5799418604651163	0.23479427549194995	981	tags=35%, list=18%, signal=29%	ENSG00000025800/ENSG00000115590/ENSG00000136044/ENSG00000157500/ENSG00000133216/ENSG00000105223/ENSG00000150593	UC.andersen	UC (Bennike et al.)
REACTOME_TNF_SIGNALING	REACTOME_TNF_SIGNALING	21	-0.3273654631479064	-0.9147088468559088	0.5799418604651163	0.5799418604651163	0.23479427549194995	538	tags=38%, list=10%, signal=34%	ENSG00000264522/ENSG00000125826/ENSG00000204628/ENSG00000103056/ENSG00000143947/ENSG00000150991/ENSG00000170315/ENSG00000221983	UC.andersen	UC (Bennike et al.)
